last_name,first_name,full_name,
Holonyak,Nick,Nick Holonyak,
Laidig,Wyn,Wyn D. Laidig,
Rinehart,Kenneth,Kenneth L. Rinehart,
Bitzer,Donald,Donald L. Bitzer,
Stifle,John,John Stifle,
Lee,Don,Don Lee,
Hunsinger,Bill,Bill J. Hunsinger,
Hoskins,Michael,Michael J. Hoskins,
Widholm,Jack,Jack Widholm,
Guan,Young-Quan,Young-Quan Guan,
Gray,Lynn,Lynn E. Gray,
Wright,Dan,Dan Wright,
Mayes ,Paul,Paul E. Mayes,
Morkoc,Hadis,Hadis Morkoc,
Ketterson,Andrew,Andrew Ketterson,
Masselink,W. Ted,W. Ted Masselink,
Henderson,Timothy,Timothy S. Henderson,
Klem,John,John Klem,
Warren,Kevin,Kevin W. Warren,
Wood,Mark,Mark B. Wood,
Weber,Larry,Larry F. Weber,
Barwale,Usha,Usha B. Barwale,
Adrian,Ronald,Ronald J. Adrian,
Fischer,Russ,Russ Fischer,
Metcalf,Robert,Robert L. Metcalf,
Lampman,Richard,Richard Lampman,
Lyding,Joseph,Joseph W. Lyding,
Rockett,Angus,Angus Rockett,
Lommasson,Timothy,Timothy Lommasson,
Thornton,John,John A. Thornton,
Gratton,Enrico,Enrico Gratton,
Leburton,Jean-Pierre,Jean-Pierre Leburton,
Kolodzey,James,James Kolodzey,
Franke,Steven,Steven J. Franke,
Boesch,Ronald,Ronald D. Boesch,
Magin,Richard,Richard L. Magin,
Farwell,Lawrence,Lawrence Farwell,
Donchin,Emanuel,Emanuel Donchin,
Rebeiz,Carole,Carole C. Rebeiz,
Juvik,John,John A. Juvik,
Coleman,James,James J. Coleman,
Hess,Karl,Karl Hess,
Emanuel,Mark,Mark A. Emanuel,
Higman,Ted,Ted K. Higman,
Sakai,Ryuichi,Ryuichi Sakai,
Stroh,J.,J. Stroh,
Alix,Christopher,Christopher E. Alix,
Leuthold,Kevin,Kevin Leuthold,
Rebeiz,Constantin,Constantin A. Rebeiz,
"Cronan, Jr.",John,"John E. Cronan, Jr.",
Pirkle,William,William H. Pirkle,
Doherty,Elizabeth,Elizabeth M. Doherty,
Eden,James,James Gary Eden,
Kushner,Mark,Mark J. Kushner,
Holt,Thomas,Thomas G. Holt,
Feddersen,Brett,Brett A. Feddersen,
Piston,David,David W. Piston,
Sinclair,James,James B. Sinclair,
Liu,Zonglin,Zonglin L. Liu,
Stupp,Samuel,Samuel I. Stupp,
Nikolich,Mikeljon,Mikeljon P. Nikolich,
Shoemaker,Nadja,Nadja B. Shoemaker,
Salyers,Abigail,Abigail Salyers,
Yo,John,John M. Yo,
Burke,John,John A. Burke,
Hopen,Herbert,Herbert J. Hopen,
Hinrichs,Erhard,Erhard W. Hinrichs,
Morgan,Jerry,Jerry L. Morgan,
Frisch,Alan,Alan M. Frisch,
Patel,Janak,Janak H. Patel,
Niermann,Thomas,Thomas Niermann,
Welch,Christopher,Christopher J. Welch,
Lamm,Bo Robert,Bo Robert Lamm,
Rostam-Abadi,Massoud,Massoud Rostam-Abadi,
Moran,David,David L. Moran,
Caracci,Stephen,Stephen J. Caracci,
Kish,Fred,Fred A. Kish,
Jones,Douglas,Douglas L. Jones,
Stephens,Paul,Paul A. Stephens,
Nickell,Cecil,Cecil D. Nickell,
Yang,Qing,Qing Yang,
Bowen,William,William E. Bowen,
El Zein,Nada,Nada El Zein,
Jepson,William,William P. Jepson,
Sligar,Stephen,Stephen G. Sligar,
McLean,Mark,Mark A. McLean,
Stayton,Patrick,Patrick Stayton,
Olinger,Jill,Jill M. Olinger,
Jacobsen,Eric,Eric Jacobsen,
Kim,Kyekyoon,Kyekyoon Kim,
Economy,James,James Economy,
Kim,Dong-pyo,Dong-pyo Kim,
Ishibashi,Ahira,Ahira Ishibashi,
Schult,Roy,Roy L. Schult,
Ravenhall,David,David Ravenhall,
Wyld,Henry,Henry Wyld,
Li,Shiqi,Shiqi Li,
Yang,Yiqi,Yiqi Yang,
Carmichael,Wayne,Wayne W. Carmichael,
Namikoshi,Michio,Michio Namikoshi,
Kang,Sung Mo,Sung Mo Kang,
Diaz,Carlos,Carlos H. Diaz,
Duvvury,Charvaka,Charvaka Duvvury,
Lauterbur,Paul,Paul C. Lauterbur,
Frank,Shachar,Shachar Frank,
Brady,David,David J. Brady,
Papen,George,George Papen,
Murphy,Matthew,Matthew G. Murphy,
Yang,Li-Chung,Li-Chung Yang,
Lin,Hong-Cheu,Hong-Cheu Lin,
Son,Sehwan,Sehwan Son,
Krames,Michael,Michael R. Krames,
Ludowise,Michael,Michael Ludowise,
Liu,Jay,Jay G. Liu,
Wilcox,David,David L. Wilcox,
Look,Jee-Loon,Jee-Loon Look,
Philpott,Michael,Michael L. Philpott,
Richard,Tim,Tim A. Richard,
Rudaz,Serge,Serge Rudaz,
Lei,Chun,Chun Lei,
Keever,Mark,Mark R. Keever,
Conforti,Evandro,Evandro Conforti,
Ho,Steven,Steven Ho,
Rigsbee,Michael,Michael J. Rigsbee,
O'Keefe,Matthew,Matthew J. O'Keefe,
Stillman,Gregory,Gregory E. Stillman,
Jackson,Steven,Steven L. Jackson,
Maranowski,Steven,Steven A. Maranowski,
Wittrup,Karl Dane,Karl Dane Wittrup,
Robinson,Anne Skaja,Anne Skaja Robinson,
Mendicino,Michael,Michael A. Mendicino,
Seebauer,Edmund,Edmund G. Seebauer,
Turnbull,Douglas,Douglas A. Turnbull,
Bishop,Stephen,Stephen G. Bishop,
Peyton,Gary,Gary R. Peyton,
Khanna,Nitin,Nitin Khanna,
Ferreira,Placid,Placid M. Ferreira,
Pei,Zhijain,Zhijain Pei,
Jares-Erijman,Elizabeth,Elizabeth A. Jares-Erijman,
Gu,Shiquin,Shiquin Gu,
Harrison,W. Ludwell,W. Ludwell Harrison,
Mehrotra,Sharad,Sharad Mehrotra,
Liang,Zhi-Pei,Zhi-Pei Liang,
Jiang,Hong,Hong Jiang,
Saito,Mashiko,Mashiko Saito,
Agha,Gul Abdulnabi,Gul Abdulnabi Agha,
Wheeler,Matthew,Matthew B. Wheeler,
Potter,Clinton,Clinton S. Potter,
Gregory,Carl,Carl D. Gregory,
O'Brien,John,John G. O'Brien,
Reid,John,John F. Reid,
Shi,Frank,Frank F. Shi,
Schneggenburger,Lizabeth,Lizabeth Schneggenburger,
Antao,Brian,Brian A. A. Antao,
Saleh,Resve,Resve A. Saleh,
Mueller,Jeffrey,Jeffrey G. Mueller,
Litchfield,J. Bruce,J. Bruce Litchfield,
Ghiron,Kenneth,Kenneth M. Ghiron,
Jamison,Curtis,Curtis Jamison,
Subramaniam,Shankar,Shankar Subramaniam,
Jakobsson,Eric,Eric Jakobsson,
Schatz,Bruce,Bruce Schatz,
Fenton,James,James Fenton,
Unwin,Roger,Roger Unwin,
Stupar,Mark,Mark J. Stupar,
Mills,Brad,Brad Mills,
Rose,William,William B. Rose,
Gordon,Jeffrey,Jeffrey Gordon,
Lockwood,John,John W. Lockwood,
Duan,Haoran,Haoran Duan,
Adesida,Ilesanmi,Ilesanmi Adesida,
Arafa,Mohamed,Mohamed Arafa,
Wohlmuth,Walter,Walter Wohlmuth,
Fay,Patrick,Patrick Fay,
Dempsey,Barry,Barry Dempsey,
Senso,Douglas,Douglas Senso,
Mukhtar,Muhammad,Muhammad Tahir Mukhtar,
Feng,Qichen,Qichen Feng,
DelMedico,Susan,Susan G. DelMedico,
Wilson,Michael,Michael J. Wilson,
Burton,Rodney,Rodney L. Burton,
Edelsbrunner,Herbert,Herbert Edelsbrunner,
Liang,Jie,Jie Liang,
Woese,Carl,Carl R. Woese,
Venter,J. Craig,J. Craig Venter,
Bult,Carol,Carol Bult,
Smith,Hamilton,Hamilton O. Smith,
White,Owen,Owen R. White,
Bargar,Robin,Robin Bargar,
Choi,Insook,Insook Choi,
Goudeseune,Camille,Camille Goudeseune,
Iyer,Subramani,Subramani Iyer,
Baker,David,David H. Baker,
DeLuca,Hector,Hector F. DeLuca,
Daley,Michael,Michael A. Daley,
Shi,Jian-Gong,Jian-Gong Shi,
Sun,Furong,Furong Sun,
Zhou,Tong,Tong Zhou,
Van Antwerp,Jeremy,Jeremy Van Antwerp,
Braatz,Richard,Richard D. Braatz,
Faircloth,Glynn,Glynn Faircloth,
Loth,Eric,Eric Loth,
Hattendorf,Michael,Michael L. Hattendorf,
Ahmari,David,David A. Ahmari,
Lemmerhirt,David,David F. Lemmerhirt,
Smith,Janet,Janet L. Smith,
Switzer,Robert,Robert L. Switzer,
Zalkin,Howard,Howard Zalkin,
Willmes,Gary,Gary F. Willmes,
Greenberg,E. Peter,E. Peter Greenberg,
Turner,Steven,Steven Turner,
Kieke,Michele,Michele Kieke,
Kranz,David,David M. Kranz,
Boder,Eric,Eric Boder,
Hwang,Julia,Julia Hwang,
Richardson,Ray,Ray M. Richardson,
Kumar,Panganamala,Panganamala R. Kumar,
Eisen,Herman,Herman Eisen,
Twomey,Michael,Michael J. Twomey,
Morales,Jose,Jose J. Morales,
Gravalos,Dolores Garcia,Dolores Garcia Gravalos,
Fregeau Gallagher,Nancy,Nancy L. Fregeau Gallagher,
Warwick,Robert,Robert A. Warwick,
Avila,Jesus,Jesus Avila,
Miley,George,George H. Miley,
Nadler,Jonathon,Jonathon H. Nadler,
Gu,Yibin,Yibin Gu,
Bromley,Blair,Blair P. Bromley,
Sved,John,John Sved,
Feng,Milton,Milton Feng,
Shen,Shyh-Chiang,Shyh-Chiang Shen,
Franceschini,Maria,Maria A. Franceschini,
Fantini,Sergio,Sergio Fantini,
Sias,John,John W. Sias,
August,David,David August,
Hwu,Wen-Mei,Wen-Mei W. Hwu,
Connors,Daniel,Daniel A. Connors,
Jurczyk,Brian,Brian E. Jurczyk,
Markoski,Larry,Larry J. Markoski,
Moore,Jeffrey,Jeffrey S. Moore,
Thompson,D. Scott,D. Scott Thompson,
Blaschek,Hans,Hans P. Blaschek,
Annous,Bassam,Bassam A Annous,
Chen,Chih-Kuang,Chih-Kuang Chen,
Formanek,Joseph,Joseph Formanek,
Benak,Kelly,Kelly Benak,
Dominguez,Lourdes,Lourdes Dominguez,
Beebe,David,David J. Beebe,
Dragic,Peter,Peter Dragic,
Lampe,David,David J. Lampe,
Robertson,Hugh,Hugh Robertson,
Rubin,Eric,Eric Rubin,
Akerley,Brian,Brian Akerley,
Yamani,Zain,Zain H. Yamani,
Nayfeh,Munir,Munir H. Nayfeh,
Therrien,Joel,Joel Therrien,
Smith,Adam,Adam D. Smith,
Paeschke,Teresa,Teresa Paeschke,
Moros,Eleftherios,Eleftherios Moros,
Klein,Barbara,Barbara Klein,
Lofton,Glinda,Glinda Lofton,
Romero,Nicole,Nicole Romero,
Grady,Jennifer,Jennifer Grady,
Cheng,Maureen,Maureen Cheng,
Magden,Lynn,Lynn Magden,
Faller,Jim,Jim Faller,
Bilger,Robert,Robert C. Bilger,
Lansing,Charissa,Charissa R. Lansing,
Wheeler,Bruce,Bruce C. Wheeler,
O'Brien,William,William D. O'Brien,
Feng,Albert,Albert S. Feng,
Liu,Chen,Chen Liu,
Belomoin,Gennadiy,Gennadiy Belomoin,
Barry,Nicholas,Nicholas P. Barry,
Akcakir,Osman,Osman Akcakir,
Baskinger,Mark,Mark J. Baskinger,
Wroblewski,Andrzej,Andrzej J. Wroblewski,
Zediker,Mark,Mark S. Zediker,
Gao,Ju,Ju Gao,
Park,Sung-Jin,Sung-Jin Park,
Wagner,Clark,Clark J. Wagner,
Rajagopalan,Nandakishore,Nandakishore Rajagopalan,
Pickowitz,Joseph,Joseph Pickowitz,
Lindsey,Timothy,Timothy C. Lindsey,
Rusk,Todd,Todd Rusk,
Sanborn,Alexandra,Alexandra J. Sanborn,
Watkin,Kenneth,Kenneth L. Watkin,
McDonald,Michael,Michael A. McDonald,
Rao,Satish,Satish Rao,
Chaieb,Sahraoui,Sahraoui Chaieb,
Basu,Samit,Samit K. Basu,
Bresler,Yoram,Yoram Bresler,
Wah,Benjamin,Benjamin W. Wah,
Lin,Dong,Dong Lin,
Lee,Sang-Jin,Sang-Jin Lee,
Kriven,Waltraud,Waltraud M. Kriven,
Holler,Phillip,Phillip D. Holler,
Kim,Chulwoo,Chulwoo Kim,
Ha,Toan Thanh,Toan Thanh Ha,
Rakotonirainy,Andrianaivo,Andrianaivo M. Rakotonirainy,
Padua,Graciela,Graciela W. Padua,
Choi,Hyungsoo,Hyungsoo Choi,
Glasgow,Ian,Ian Glasgow,
Zeringue,Henry,Henry Zeringue,
Hay,K. James,K. James Hay,
Rood,Mark,Mark J. Rood,
Sullivan,Patrick,Patrick Sullivan,
Khan,Latif,Latif Khan,
Lytle,John,John M. Lytle,
Ho,Ken,Ken Ho,
Johnston,David,David B. Johnston,
Eckhoff,Steven,Steven R. Eckhoff,
Singh,Vijay,Vijay Singh,
Sanford,Robert,Robert A. Sanford,
Nayfeh,Osama,Osama M. Nayfeh,
Bayburt,Timothy,Timothy H. Bayburt,
Schuler,Mary,Mary A. Schuler,
Civjan,Natanya,Natanya Civjan,
Hsieh,Kuang-Chien,Kuang-Chien Hsieh,
Cheng,Keh-Yung,Keh-Yung Cheng,
Snoeyink,Vernon,Vernon Snoeyink,
Marinas,Benito,Benito J. Marinas,
Schideman,Lance,Lance Schideman,
Liu,Chang,Chang Liu,
Zou,Jun,Jun Zou,
Bullen,David,David A. Bullen,
Wang,Xuefeng,Xuefeng Wang,
Schutt-Aine,Jose,Jose Schutt-Aine,
Zhang TF01031,Ming,Ming Zhang TF01031,
Krein,Philip,Philip T. Krein,
Manrique,Christopher,Christopher R. Manrique,
Nayfeh,Taysir,Taysir Nayfeh,
Huang,Raven,Raven H. Huang,
Liu,XianJun,XianJun Liu,
Lewin,Harris,Harris A. Lewin,
Everts,Robin,Robin Everts,
Rodriguez-Zas,Sandra,Sandra Rodriguez-Zas,
Ha,Su Yun,Su Yun Ha,
Adams,Brian,Brian Adams,
Masel,Richard,Richard I. Masel,
Vaidya,Nitin,Nitin Vaidya,
So,Jungmin,Jungmin So,
Calcev,George,George Calcev,
Bonta,Jeffrey,Jeffrey D. Bonta,
Waszczuk,Piotr,Piotr Waszczuk,
York,Cynthia,Cynthia A. York,
Wieckowski,Andrzej,Andrzej Wieckowski,
Nuzzo,Ralph,Ralph G. Nuzzo,
Childs,William,William Childs,
Khang,Dahl-Young,Dahl-Young Khang,
Meitl,Matthew,Matthew Meitl,
Sun,Yugang,Yugang Sun,
Rogers,John,John A. Rogers,
Zhu,Zhengtao,Zhengtao Zhu,
Lee,Keon Jae,Keon Jae Lee,
Menard,Etienne,Etienne Menard,
Lu,Yi,Yi Lu,
Liu,Juewen,Juewen Liu,
Man,Malcolm,Malcolm K. Man,
Khan,Zakia,Zakia Khan,
Zhu,Yimin,Yimin Zhu,
Hornbaker,Robert,Robert H. Hornbaker,
Pointer,David,David Pointer,
Kindratenko,Volodymyr,Volodymyr Kindratenko,
Lewis,Jennifer,Jennifer Lewis,
Gratson,Gregory,Gregory M. Gratson,
Kittrell,Carter,Carter Kittrell,
Smalley,Rick,Rick E. Smalley,
Tour,James,James M. Tour,
Dyke,Christopher,Christopher Dyke,
Hauge,Robert,Robert Hauge,
Strano,Michael,Michael Strano,
Barone,Paul,Paul Barone,
Usrey,Monica,Monica Usrey,
Greeley,Mark,Mark Greeley,
Kim,Byung,Byung Kim,
Du,Ke,Ke Du,
Larsen,Robert,Robert T. Larsen,
Zakzeski,Joseph,Joseph Zakzeski,
Jeon,Seokwoo,Seokwoo Jeon,
Park,Jang-Ung,Jang-Ung Park,
Ko,Heung Cho,Heung Cho Ko,
Mack,Shawn,Shawn Mack,
Tranel,Patrick,Patrick J. Tranel,
Patzoldt,William,William L. Patzoldt,
Hager,Aaron,Aaron G. Hager,
Hartman,Glen,Glen Hartman,
Hill,Curtis,Curtis B. Hill,
Carlson,Shawn,Shawn Carlson,
Diers,Brian,Brian Diers,
Li,Yan,Yan Li,
Lockwood,Michael,Michael Lockwood,
Elledge,Mark,Mark Elledge,
Kang,Seong,Seong Jun Kang,
Shim,Moonsub,Moonsub Shim,
Kocabas,Coskun,Coskun Kocabas,
Oldfield,Eric,Eric Oldfield,
Song,Yongcheng,Yongcheng Song,
Zhang,Yonghui,Yonghui Zhang,
Sanders,John,John M. Sanders,
Chan,Julian,Julian M. Chan,
Motala,Michael,Michael J. Motala,
Nizet,Victor,Victor Nizet,
Liu,George,George Y. Liu,
Tahari,Abdel,Abdel K. Tahari,
Motolese,Guido,Guido Motolese,
Morrissey,James,James H. Morrissey,
Mutch,Nicola,Nicola J. Mutch,
Smith,Stephanie,Stephanie A. Smith,
Docampo,Roberto,Roberto Docampo,
Jiang,Hanqing,Hanqing Jiang,
Stoykovich,Mark,Mark Stoykovich,
Carlson,Andrew,Andrew Carlson,
Choi,Won Mook,Won Mook Choi,
Huang,Yonggang,Yonggang Huang,
Hua,Feng,Feng Hua,
Nam,Yun Suk,Yun Suk Nam,
Yoon,Jongseung,Jongseung Yoon,
Baca,Alfred,Alfred J. Baca,
Park,Sang II,Sang II Park,
Yu,Chang-Jae,Chang-Jae Yu,
Ahn,Jong-Hyun,Jong-Hyun Ahn,
Burke,Martin,Martin D. Burke,
Lee,Suk Joong,Suk Joong Lee,
Gillis,Eric,Eric P. Gillis,
Gray,Kaitlyn,Kaitlyn C. Gray,
Knapp,David,David M. Knapp,
El-Khatib,Firas,Firas El-Khatib,
Damiano,Edward,Edward R Damiano,
Block,Ian,Ian D. Block,
Cunningham,Brian,Brian T. Cunningham,
Chan,Leo Li-Ying,Leo Li-Ying Chan,
Zysk,Adam,Adam M. Zysk,
Boppart,Stephen,Stephen A. Boppart,
Nguyen,Freddy,Freddy T. Nguyen,
Hu,Yih-Chun,Yih-Chun Hu,
Haas,Jason,Jason J. Haas,
Saud,Turki Al,Turki Al Saud,
Alsalhi,Mohammad,Mohammad S. Alsalhi,
Stupca,Matthew,Matthew C. Stupca,
Stoddard,Steven,Steven F. Stoddard,
Shi,Zhen,Zhen Shi,
Ganesh,Nikhil,Nikhil Ganesh,
Ryu,Kee,Kee Ryu,
Engel,Jonathan,Jonathan Engel,
White,Scott,Scott R. White,
Sottos,Nancy,Nancy R. Sottos,
Beiermann,Brett,Brett A. Beiermann,
Keller,Michael,Michael W. Keller,
Kim,Dae-Hyeong,Dae-Hyeong Kim,
Song,Jizhou,Jizhou Song,
Choi,Charles,Charles J. Choi,
Zuckermann,Federico,Federico J. Zuckermann,
Shim,Anne,Anne Shim,
Musto,Christopher,Christopher J. Musto,
Feng,Liang,Liang Feng,
Suslick,Kenneth,Kenneth S. Suslick,
Lim,Sung,Sung Lim,
Kemling,Jonathan,Jonathan W. Kemling,
Zhao,Huimin,Huimin Zhao,
Nair,Nikhil,Nikhil Unni Nair,
Kim,Dongshin,Dongshin Kim,
Callias,Francois,Francois Callias,
Xie,Qi,Qi Xie,
Malick,Crista,Crista Malick,
Larsen,Jeffrey,Jeffrey B. Larsen,
Schmitz,Christopher,Christopher D. Schmitz,
Parikh,Mitesh,Mitesh Parikh,
Walter,Gabriel,Gabriel Walter,
Mukhopadhyay,Deepkishore,Deepkishore Mukhopadhyay,
Chambon,Pierre,Pierre Chambon,
Metzger,Daniel,Daniel Metzger,
Katzenellenbogen,John,John A. Katzenellenbogen,
Hergenrother,Paul,Paul J. Hergenrother,
Peterson,Quinn,Quinn P. Peterson,
Hsu,Danny,Danny C. Hsu,
Szymanski,Diana,Diana C. Szymanski,
Fan,Timothy,Timothy M. Fan,
Novotny,Christopher,Christopher J. Novotny,
Chang,Ramsay,Ramsay Chang,
Lu,Yongqi,Yongqi Lu,
Apeagyei,Alex,Alex K. Apeagyei,
Buttlar,William,William Buttlar,
Kim,Kwang,Kwang Soo Kim,
Price,Andrew,Andrew J. Price,
Wu,Chao-Hsin,Chao-Hsin Wu,
Kamphaus,Jason,Jason M. Kamphaus,
Blaiszik,Benjamin,Benjamin J. Blaiszik,
Caruso,Mary,Mary M. Caruso,
Delafuente,David,David A. Delafuente,
Kim,Rak,Rak Hwan Kim,
Kim,Hoon-Sik,Hoon-Sik Kim,
Brueckner,Eric,Eric P. Brueckner,
Wu,Pinggui,Pinggui Wu,
Xie,Rongcai,Rongcai Xie,
Shang,Jian Ku,Jian Ku Shang,
Liu,Yi-Shao,Yi-Shao Liu,
Chang,Woo-Jin,Woo-Jin Chang,
Bashir,Rashid,Rashid Bashir,
Salm,Eric,Eric M. Salm,
Omenetto,Fiorenzo,Fiorenzo Omenetto,
Kaplan,David,David L. Kaplan,
Amsden,Jason,Jason Amsden,
Viventi,Jonathan,Jonathan Viventi,
Litt,Brian,Brian Litt,
Li,Qi,Qi Li,
Kleffner,Matthew,Matthew D. Kleffner,
Moss,Joshua,Joshua D. Moss,
Callans,David,David J. Callans,
Li,Feipeng,Feipeng Li,
Allen,Jont,Jont Allen,
Li,Xiuling,Xiuling Li,
Chun,Ik Su,Ik Su Chun,
Ruzic,David,David N. Ruzic,
Flauta,Randolph,Randolph E. Flauta,
Chow,Kaicheung,Kaicheung Chow,
Guardiola,Lia,Lia V. Guardiola,
Xiang,Yu,Yu Xiang,
Jain,Kanti,Kanti Jain,
Jang,Linus,Linus Jang,
Pijanowski,Gerald,Gerald J. Pijanowski,
O'Brien,Robert,Robert T. O'Brien,
Yoon,Jekwon,Jekwon Yoon,
Ballmer,Steven,Steven G. Ballmer,
Pearson,Jennifer,Jennifer M. Pearson,
Putt,Karson,Karson S. Putt,
Chen,Grace,Grace Chen,
Cannon,Andrew,Andrew H. Cannon,
King,William,William P. King,
Gao,Jing,Jing Gao,
Han,Jiawei,Jiawei Han,
Thuraisingham,Bhavani,Bhavani Thuraisingham,
Khan,Latifur,Latifur R. Khan,
Masud,Mehedy,Mehedy Masud,
Kim,Seok,Seok Kim,
Reinke,Ryan,Ryan E. Reinke,
Dankowicz,Harry,Harry Dankowicz,
Chan,Richard,Richard Chan,
Then,Han Wui,Han Wui Then,
Kiyonari,Shinichi,Shinichi Kiyonari,
Mackie,Roderick,Roderick I. Mackie,
Cann,Isaac,Isaac K. O. Cann,
Han,Yejun,Yejun Han,
Dodd,Dylan,Dylan Dodd,
Qavi,Abraham,Abraham Qavi,
McClellan,Melinda,Melinda S. McClellan,
Kindt,Jared,Jared T. Kindt,
Bailey,Ryan,Ryan C. Bailey,
Washburn,Adam,Adam L. Washburn,
Luchansky,Matthew,Matthew S. Luchansky,
Byeon,Ji-Yeon,Ji-Yeon Byeon,
Owen,Tate,Tate Owen,
Gleeson,Martin,Martin A. Gleeson,
Gunn,Lawrence,Lawrence C. Gunn,
Watkins,Nicholas,Nicholas N. Watkins,
Hedau,Varsha,Varsha Chandrashekhar Hedau,
Hoiem,Derek,Derek Hoiem,
Karsch,Kevin,Kevin Karsch,
Forsyth,David,David A. Forsyth,
Campbell,Roy,Roy H. Campbell,
Shanbhag,Naresh,Naresh R. Shanbhag,
Moon,Young,Young Hwan Moon,
Yoshida,Shosuke,Shosuke Yoshida,
Su,Xiaoyun,Xiaoyun Su,
Bhargava,Rohit,Rohit Bhargava,
Sinha,Saurabh,Saurabh Sinha,
Kwak,Jin,Jin Tae Kwak,
Sutton,Brad,Brad Sutton,
Van,Ahn,Ahn Van,
Hernando,Diego,Diego Hernando,
Choi,Jin,Jin Ho Choi,
Kim,Soo,Soo Rin Kim,
Jin,Yong-Su,Yong-Su Jin,
Ha,Suk-jin,Suk-jin Ha,
Du,Jing,Jing Du,
Li,Sijin,Sijin Li,
Glass,N. Louise,N. Louise Glass,
Tian,Chaoguang,Chaoguang Tian,
Beeson,William,William T. Beeson,
Tanyeri,Melikhan,Melikhan Tanyeri,
Kim,Younghoon,Younghoon Kim,
Schroeder III,Charles,Charles M. Schroeder III,
Kim,Sung Hoon,Sung Hoon Kim,
Lu,Meng,Meng Lu,
Schulz,Stephen,Stephen Schulz,
Ge,Chun,Chun Ge,
Vasudevan,Shobha,Shobha Vasudevan,
Sheridan,David,David Sheridan,
Liu,Lingyi,Lingyi Liu,
Kim,Hyung Sul,Hyung Sul Kim,
Watkins,Alysia,Alysia R. Watkins,
Liao,Albert,Albert D. Liao,
Xiong,Feng,Feng Xiong,
Pop,Eric,Eric Pop,
Fang,Nicholas,Nicholas X. Fang,
Hsu,Keng Hao,Keng Hao Hsu,
Chern,Winston,Winston Chern,
Fabiani,Monica,Monica Fabiani,
Maclin,Edward,Edward Maclin,
Low,Kathy,Kathy Low,
Gratton,Gabriele,Gabriele Gratton,
Bae,Myung-Ho,Myung-Ho Bae,
Zhang,Hui Gang,Hui Gang Zhang,
Braun,Paul,Paul V. Braun,
"Johnson, Jr.",Alan,"Alan T. Johnson, Jr.",
Goldsmith,Brett,Brett R. Goldsmith,
"Matala, Jr.",Joseph,"Joseph J. Matala, Jr.",
Discher,Bohdana,Bohdana Discher,
Yano,Kazuhisa,Kazuhisa Yano,
Goodman,Matthew,Matthew D. Goodman,
Selig,Michael,Michael S. Selig,
Steele,Adam,Adam P. Steele,
Cho,Jin,Jin Hoon Cho,
Sung,Seung Hoon,Seung Hoon Sung,
Kim,Min,Min Hwan Kim,
Tong,Rong,Rong Tong,
Cheng,Jianjun,Jianjun Cheng,
Woodyer,Ryan,Ryan Woodyer,
Racine,Michael,Michael Racine,
Saeidpourazar,Reza,Reza Saeidpourazar,
Venkatesan,Bala Murali,Bala Murali Venkatesan,
Tao,Hu,Hu Tao,
Hwang,SukWon,SukWon Hwang,
Shepherd,Robert,Robert F. Shepherd,
Barry,Robert,Robert A. Barry,
Parker,Sara,Sara T. Parker,
Shepherd,Jennifer,Jennifer N. Shepherd,
Wiltzius,Pierre,Pierre Wiltzius,
Arbabi,Amir,Amir Arbabi,
Goddard,Lynford,Lynford L. Goddard,
Edwards,Chris,Chris Edwards,
Popescu,Gabriel,Gabriel Popescu,
Boothman,David,David A. Boothman,
Palchaudhuri,Rahul,Rahul Palchaudhuri,
Bair,Joseph,Joseph S. Bair,
Shenoy,Pradeep,Pradeep Shenoy,
Meyn,Sean,Sean P. Meyn,
Mehta,Prashant,Prashant G. Mehta,
Yang,Tao,Tao Yang,
Rice,Jennifer,Jennifer A. Rice,
Spencer,Billie,Billie F. Spencer,
Yang,Xiaoling,Xiaoling Yang,
Golparvar Fard,Mani,Mani Golparvar Fard,
Pena-Mora,Feniosky,Feniosky A. Pena-Mora,
Savarese,Silvio,Silvio Savarese,
Hsia,K. Jimmy,K. Jimmy Hsia,
Aluru,Narayana,Narayana R. Aluru,
Park,Kidong,Kidong Park,
Millet,Larry,Larry Jay Millet,
Wang,Zhuo,Zhuo Wang,
Kang,Won Mo,Won Mo Kang,
Saif,Muhammed Taher Abu,Muhammed Taher Abu Saif,
Lentine,Anthony,Anthony Lentine,
Johnson,Brian,Brian B. Johnson,
Chung,Brian,Brian Chung,
Yin,Lichen,Lichen Yin,
Gabrielson,Nathan,Nathan Gabrielson,
Hartwig,John,John F. Hartwig,
Fier,Patrick,Patrick S. Fier,
Morimoto,Hiroyuki,Hiroyuki Morimoto,
Aksimentiev,Aleksei,Aleksei Aksimentiev,
Desai,Amit,Amit V. Desai,
Wheeler,Tobias,Tobias D. Wheeler,
Kenis,Paul,Paul J. A. Kenis,
Reichert,David,David E. Reichert,
Onal,Birce,Birce C. Onal,
Zeng,Dexing,Dexing Zeng,
Kim,Tae,Tae Woo Kim,
Mir,Mustafa,Mustafa A. H. Mir,
Babacan,Sevket,Sevket Derin Babacan,
Botham,Rachel,Rachel C. Botham,
Tarasow,Ted,Ted Tarasow,
Gilbert,Mark,Mark John Gilbert,
Handley,Michael,Michael Kevin Handley,
Riggins,Gregory,Gregory J. Riggins,
Joshi,Avadhut,Avadhut Joshi,
Zorlutuna,Pinar,Pinar Zorlutuna,
Chan,Vincent,Vincent Chan,
Kong,Hyun Joon,Hyun Joon Kong,
Jeong,Jae Hyun,Jae Hyun Jeong,
Cha,Chaenyung,Chaenyung Cha,
Bae,Byunghoon,Byunghoon Bae,
Kim,Jihyung,Jihyung Kim,
Shannon,Mark,Mark A. Shannon,
Kang,Taekyu,Taekyu Kang,
Bazzi,Ali,Ali Mohamad Bazzi,
Oh,Nuri,Nuri Oh,
Zhai,You,You Zhai,
Riedl,Thomas,Thomas Johannes Riedl,
Singer,Andrew,Andrew C. Singer,
Ko,Heung-Cho,Heung-Cho Ko,
Lu,Nanshu,Nanshu Lu,
Bonifas,Andrew,Andrew P. Bonifas,
Ying,Ming,Ming Ying,
Chen,YI,YI Chen,
Liu,Gang,Gang Logan Liu,
Rodriguez,William,William Rodriguez,
Cheng,Xuanhong,Xuanhong Cheng,
Toner,Mehmet,Mehmet Toner,
Oppenheimer,Aaron,Aaron Oppenheimer,
Fako,Valerie,Valerie E. Fako,
Song,Yi,Yi Song,
Apblett,Christopher,Christopher A. Apblett,
Tice,Joshua,Joshua D. Tice,
Bassett,Thomas,Thomas A. Bassett,
Lu,Hua,Hua Lu,
Tang,Li,Li Tang,
Lee,DoKyoung,DoKyoung Lee,
Parrish,Alllen,Alllen Scott Parrish,
Caesar,Matthew,Matthew C. Caesar,
Godfrey,Philip,Philip Brighten Godfrey,
Khurshid,Ahmed,Ahmed Khurshid,
Zhang,Hui,Hui Gang Zhang,
Yu,Xindi,Xindi Yu,
Dai,Zhenting,Zhenting Dai,
Selvin,Paul,Paul R. Selvin,
Lopes,Ward,Ward Lopes,
Sporre,John,John R. Sporre,
Eller,Jonathan,Jonathan R. Eller,
Lohse,Samuel,Samuel E. Lohse,
Murphy,Catherine,Catherine J. Murphy,
Smith,Sheena,Sheena N. Smith,
Roth,Howard,Howard S. Roth,
George,Sherine,Sherine George,
Chaudhery,Vikram,Vikram Chaudhery,
Pokhriyal,Anusha,Anusha Pokhriyal,
Newman,Timothy,Timothy J. Newman,
Hertz,Samuel,Samuel L. Hertz,
Barton,Kira,Kira Barton,
Alleyne,Andrew,Andrew Alleyne,
Mishra,Sandipan,Sandipan Mishra,
Dick,Graham,Graham R. Dick,
Klubnick,Jenna,Jenna A. Klubnick,
Pety,Stephen,Stephen J. Pety,
Dong,Hefei,Hefei Dong,
Huang,Wen,Wen Huang,
Yu,Xin,Xin Yu,
Li,Junqi,Junqi Li,
Stolaroff,Joshuah,Joshuah K. Stolaroff,
Aines,Roger,Roger D. Aines,
Floyd,William,William C. Floyd,
Baker,Sarah,Sarah E. Baker,
Spadaccini,Christopher,Christopher M. Spadaccini,
Bourcier,William,William L. Bourcier,
Vericella ,John,John J. Vericella ,
Duoss,Eric,Eric B. Duoss,
Roberts,Jeffery,Jeffery Roberts,
Amitesh,Maiti,Maiti Amitesh,
Hardin IV,James,James O. Hardin IV,
Yeom,Junghoon,Junghoon Yeom,
Behl,Mayank,Mayank Behl,
Jain,Prashant,Prashant Jain,
Chung,Soon-Jo,Soon-Jo Chung,
Paranjape,Aditya,Aditya Avinash Paranjape,
Alam,Ashraf,Ashraf Alam,
Reddy Jr.,Bobby,Bobby Reddy Jr.,
Nair,Pradeep,Pradeep R. Nair,
Go,Jonghyun,Jonghyun Go,
Schnitzlein,William,William Schnitzlein,
Calzada-Nova,Gabriela,Gabriela Calzada-Nova,
Movassaghi,Mohammad,Mohammad Movassaghi,
Kim,Justin,Justin Kim,
Boyer,Nicolas,Nicolas C. Boyer,
Morrison,Karen,Karen C. Morrison,
Seo,JinHo,JinHo Seo,
Miller,Michael,Michael J. Miller,
Lee,Won Heong,Won Heong Lee,
Pathanibul,Panchalee,Panchalee Pathanibul,
Quarterman,Josuha,Josuha C. Quarterman,
Kranz,Steven,Steven J. Kranz,
Varicella,John,John Varicella,
Hansen,Christopher,Christopher J. Hansen,
Kolesky,David,David B. Kolesky,
Wu,Willie,Willie Wu,
Hewitt,John,John Darby Hewitt,
Hsiao,Austin,Austin Hsiao,
Gartia,Manas Ranjan,Manas Ranjan Gartia,
Zhao,Youbo,Youbo Zhao,
Ma,Jeffrey,Jeffrey H. Ma,
Daigle,Scott,Scott C. Daigle,
Hsiao-Wecksler,Elizabeth,Elizabeth T. Hsiao-Wecksler,
Pikul,James,James H. Pikul,
Martin,Lane,Lane W. Martin,
Fletcher,Patrick,Patrick C. Fletcher,
Patel,Sanjay,Sanjay Patel,
Nguyen,Quang,Quang Huu Nguyen,
Do,Minh,Minh N. Do,
Lin,Dennis,Dennis Jinn Lin,
Dabbelt,Daniel,Daniel Palmer Dabbelt,
Dixon,Matthew,Matthew A. Dixon,
Johnson,Curtis,Curtis L. Johnson,
Georgiadis,John,John G. Georgiadis,
Ge,Pinghua,Pinghua Ge,
Friedl,Andrew,Andrew P. Friedl,
Bezryadin,Alexey,Alexey Bezryadin,
Hubler ,Alfred,Alfred W. Hubler ,
Grosse-Perdekamp,Matthias,Matthias Grosse-Perdekamp,
Belkin,Andrey,Andrey Belkin,
Lyon,Dave,Dave Lyon,
Braun,Gary,Gary Bernard Braun,
May-Masnou,Anna,Anna May-Masnou,
Kudela,Damien,Damien Kudela,
Stucky,Galen,Galen D. Stucky,
Fang,Ming-Chih,Ming-Chih Fang,
Cadwallader,Keith,Keith R. Cadwallader,
Huang,Xian,Xian Huang,
Harburg,Daniel,Daniel V. Harburg,
Lee,Chi Hwan,Chi Hwan Lee,
Leal,Cecilia,Cecilia Das Neves Barbosa Leal,
Yin,Lan,Lan Yin,
Zhang,Yanfeng,Yanfeng Zhang,
Kang,Seung-Kyun,Seung-Kyun Kang,
Ying,Hanze,Hanze Ying,
Parkinson,Elizabeth,Elizabeth I. Parkinson,
Guevara,Carlos,Carlos Eduardo Duarte Guevara,
Nath,Chandra,Chandra Nath,
Kapoor,Shiv,Shiv G. Kapoor,
Wong,Chun-Ho,Chun-Ho Wong,
Peh,Jessie,Jessie Peh,
Zimmerman,Steven,Steven C. Zimmerman,
Bond,Tiziana,Tiziana C. Bond,
Miles,Robin,Robin Miles,
Davidson,James,James C. Davidson,
Shelton,Ryan,Ryan L. Shelton,
Walker,Steven,Steven Brett Walker,
Ning,Hailong,Hailong Ning,
Arpin,Kevin,Kevin A. Arpin,
Li,Benben,Benben Li,
Houlahan,Thomas,Thomas J. Houlahan,
Sievers,Dane,Dane J. Sievers,
Tchertchian,Paul,Paul A. Tchertchian,
Yang,Hong,Hong Yang,
Wu,Jianbo,Jianbo Wu,
Tu,Haohua,Haohua Tu,
Hamadeh,Abdullah,Abdullah Hamadeh,
Dhople,Sairaj,Sairaj Vijaykumar Dhople,
Garg,Neha,Neha Garg,
Tang,Weixin,Weixin Tang,
Goto,Yuki,Yuki Goto,
van der Donk,Wilfred,Wilfred A. van der Donk,
"McNamara, III",William,"William B. McNamara, III",
Carey,James,James R. Carey,
Placek,Matthew,Matthew J. Placek,
Sen,Avijit,Avijit Sen,
Keso,Crystal,Crystal Keso,
Pilawa-Podgurski,Robert,Robert C. N. Pilawa-Podgurski,
Kim,Katherine,Katherine A. Kim,
Wang,Xinhao,Xinhao Wang,
Chang,Te-Wei,Te-Wei Chang,
Jiang,Jing,Jing Jiang,
Raman,Ritu,Ritu Raman,
Cvetkovic,Caroline,Caroline Elizabeth Cvetkovic,
Hicklin,Robert,Robert W. Hicklin,
Flood,Timothy,Timothy A. Flood,
"Huigens, III",Robert,"Robert W. Huigens, III",
Schnell,Martin,Martin Schnell,
Hillenbrand,Rainer,Rainer Hillenbrand,
Carney,Paul,Paul Scott Carney,
Huang,Haibo,Haibo Huang,
Long,Stephen,Stephen P. Long,
Thakre,Piyush,Piyush R. Thakre,
Wagoner Johnson,Amy,Amy J. Wagoner Johnson,
Toussaint,Kimani,Kimani C. Toussaint,
Wilson,William,William L. Wilson,
Zhou,Weidong,Weidong Zhou,
Rosu,Grigore,Grigore Rosu,
Huang,Jeff,Jeff Huang,
Liao,Zicheng,Zicheng Liao,
Patrick,Jason,Jason F. Patrick,
Esser-Kahn,Aaron,Aaron Esser-Kahn,
Kang,Mingu,Mingu Kang,
Keel,Min-Sun,Min-Sun Keel,
Krull,Brett,Brett Krull,
Gergely,Ryan,Ryan C. R. Gergely,
Santa Cruz,Windy,Windy Ann Santa Cruz,
Ballato,John,John Ballato,
Wang,Cai,Cai Mike Wang,
Nam,SungWoo,SungWoo Nam,
Hong,Jungmi,Jungmi Hong,
Wu,Yuilun,Yuilun Wu,
Shchelkanov,Ivan,Ivan A. Shchelkanov,
Cho,Tae,Tae Seung Cho,
Ouyang,Zihao,Zihao Ouyang,
Deng,Li,Li Deng,
Zhang,Wei,Wei Zhang,
Lee,Wonjae,Wonjae Lee,
Korban,Schuyler,Schuyler S. Korban,
Mantulin,William,William W. Mantulin,
Barbieri,Beniamino,Beniamino Barbieri,
Bohn,Paul,Paul W. Bohn,
Lu,Wenyuan,Wenyuan Lu,
Walker,Scott,Scott A. Walker,
Maier,John,John Maier,
Wang,Yi-Min,Yi-Min Wang,
Fuchs,Wesley,Wesley K. Fuchs,
Huang,Yennun,Yennun Huang,
Kintala,Chandra,Chandra M. Kintala,
van Eijk,M.J.T.,M.J.T. van Eijk,
Peck,Timothy,Timothy L. Peck,
Webb,Andrew,Andrew G. Webb,
Sweedler,Jonathan,Jonathan V. Sweedler,
Stockman,Stephen,Stephen Stockman,
Hartmann,Quesnell,Quesnell J. Hartmann,
Gardner,Nathan,Nathan Gardner,
Patrick,Todd,Todd A. Patrick,
Roy,Edward,Edward J. Roy,
Vandenberg,Douglas,Douglas Vandenberg,
Pankow,Dale,Dale R. Pankow,
Welcher,Brian,Brian P. Welcher,
Chen,William,William Chen,
Kiyohara,Tokuzo,Tokuzo Kiyohara,
Clark,George,George L. Clark,
Mackin,Thomas,Thomas J. Mackin,
Olson,Dean,Dean L. Olson,
So,Peter,Peter T. So,
Dong,Chen,Chen Y. Dong,
Garrow,Timothy,Timothy A. Garrow,
Pascual,Cesar,Cesar Pascual,
Turnbull,Robert,Robert J. Turnbull,
Midya,Pallab,Pallab Midya,
Ramaswamy,Sridhar,Sridhar Ramaswamy,
Hurlburt,Evan,Evan Hurlburt,
Newell,Ty,Ty A. Newell,
Wu,Nian,Nian Wu,
Srikant,Rayadurgam,Rayadurgam Srikant,
Greenberg,Albert,Albert G. Greenberg,
Whitt,Ward,Ward Whitt,
Kuo,Dong-Hau,Dong-Hau Kuo,
Bharghavan,Vaduvur,Vaduvur Bharghavan,
Dwyer,Dane,Dane Dwyer,
Wheeler,David,David J. Wheeler,
DeTemple,Thomas,Thomas A. DeTemple,
Frame,James,James W. Frame,
Hendrickson,Larry,Larry Hendrickson,
Dickson,Monte,Monte A. Dickson,
Evans,Peter,Peter W. Evans,
Wierer,Jonathan,Jonathan J. Wierer,
Birnbaum,Howard,Howard K. Birnbaum,
Menezes,Marlon,Marlon E. Menezes,
Robertson,Ian,Ian M. Robertson,
Thiebaux,Marcus,Marcus L. Thiebaux,
Patterson,Robert,Robert M. Patterson,
Cox,Donna,Donna J. Cox,
Song,Hee-Sook,Hee-Sook Song,
Brotherton,Jeffrey,Jeffrey E. Brotherton,
Payne,David,David A. Payne,
Clem,Paul,Paul G. Clem,
Patil,Harish,Harish Patil,
Mirani,Rajiv,Rajiv Mirani,
Olsen,Bruce,Bruce Olsen,
Wu,Le-Chun,Le-Chun Wu,
King,Michael,Michael R. King,
Eveleigh,Douglas,Douglas E. Eveleigh,
Yernool,Dinesh,Dinesh Yernool,
Chassy,Bruce,Bruce M. Chassy,
Shusta,Eric,Eric Shusta,
Lu,Songwu,Songwu Lu,
Bullard,Clark,Clark W. Bullard,
Chen,Scott,Scott Chen,
Levin,James,James A. Levin,
Kauwell,Daniel,Daniel A. Kauwell,
Galup,Luis,Luis E. Galup,
Zhu,Liping Julia,Liping Julia Zhu,
Madhow,Upamanyu,Upamanyu Madhow,
Garcia Gravalos,Lola,Lola Garcia Gravalos,
Reymundo,Isabel,Isabel Reymundo,
Floriano,Pablo,Pablo Floriano,
Reid,Joel,Joel Reid,
Cheryan,Munir,Munir Cheryan,
Yi,Yong Wuk,Yong Wuk Yi,
Krongold,Brian,Brian S. Krongold,
Ramchandran,Kannan,Kannan Ramchandran,
Bragg,Michael,Michael Bragg,
Gurbacki,Holly,Holly M. Gurbacki,
Sanders,Kevin,Kevin Sanders,
Boag,Amir,Amir Boag,
Michielssen,Eric,Eric Michielssen,
McGuire,John,John D. McGuire,
Pearson,Randall,Randall S. Pearson,
Suh,Hyuk-Jeen,Hyuk-Jeen Suh,
Bharathi,Pamidighantam,Pamidighantam Bharathi,
Chen,Zhigang,Zhigang Chen,
Trick,Andrew,Andrew R. Trick,
Merten,Matthew,Matthew C. Merten,
George,Christopher,Christopher N. George,
Gyllenhaal,John,John C. Gyllenhaal,
Rakow,Neal,Neal Rakow,
Dugad,Rakesh Champalal,Rakesh Champalal Dugad,
Ahuja,Narendra,Narendra Ahuja,
Zhou,Ling,Ling Zhou,
Corley,Robert,Robert N. Corley,
Murphy,Michael,Michael R. Murphy,
Panno,Samuel,Samuel V. Panno,
Mangun,Christian,Christian L. Mangun,
Yue,Zhongren,Zhongren Yue,
Li,Jing,Jing Li,
Noguchi,Noboru,Noboru Noguchi,
Zhang,Qin,Qin Zhang,
Benson,Eric,Eric Benson,
Koetter ,Ralf,Ralf Koetter ,
Roh,S. David,S. David Roh,
Vodkin,Lila,Lila O. Vodkin,
Sundaraman,Vijaya,Vijaya Sundaraman,
Stromvik,Martina,Martina Stromvik,
Theide,Billie Jean,Billie Jean Theide,
VisGirda,Rimas,Rimas T. VisGirda,
Sukhishvili,Svetlana,Svetlana A. Sukhishvili,
Granick,Steve,Steve Granick,
Vojak,Bruce,Bruce A. Vojak,
Qiu,Hongchu,Hongchu Qiu,
Geubelle,Philippe,Philippe Geubelle,
Kessler,Mike,Mike Kessler,
Brown,Eric,Eric Brown,
Sriram,Suresh,Suresh Sriram,
Brovold,Tom,Tom Brovold,
Adams,Jim,Jim Adams,
Youngquist,John,John Youngquist,
Chow,Poo,Poo Chow,
Nakayama,Francis,Francis S. Nakayama,
He,Dongming,Dongming He,
Lisi,Daniel,Daniel J. Lisi,
Blunk,Rick,Rick Blunk,
Yoo,Yeong-Eun,Yeong-Eun Yoo,
Tucker,Charles Leroy,Charles Leroy Tucker,
Wang,Zhigang,Zhigang Wang,
Choi,Jun Young,Jun Young Choi,
Sweis,Ramzi,Ramzi F. Sweis,
Denmark,Scott,Scott E. Denmark,
Wu,Zhicai,Zhicai Wu,
Pan,Weitao,Weitao Pan,
Yang,Shyh-Ming,Shyh-Ming Yang,
Wehrli,Daniel,Daniel Wehrli,
Neuville,Luc,Luc Neuville,
Myers,Benjamin,Benjamin Myers,
Swint,Reuel,Reuel B. Swint,
Eddington,David,David T. Eddington,
Liu,Robin,Robin Liu,
Berkland,Cory,Cory Berkland,
Pack,Daniel,Daniel W. Pack,
Bleck,Gregory,Gregory T. Bleck,
Donovan,Sharon,Sharon M. Donovan,
Monaco-Seigel,Marcia,Marcia Monaco-Seigel,
Shukla,Rishi,Rishi Shukla,
Riley,Robert,Robert L. Riley,
Clark,Mark,Mark Clark,
Janick,Jules,Jules Janick,
Goffreda,Joseph,Joseph C. Goffreda,
Westwood,Glenn,Glenn Westwood,
Greene,Laura,Laura Greene,
Hentges,Patrick,Patrick J. Hentges,
Klemperer,Walter,Walter G. Klemperer,
Pafford,Margaret,Margaret M. Pafford,
Chen,Jack,Jack Chen,
Pelikan,Martin,Martin Pelikan,
Goldberg,David,David E. Goldberg,
Zwiebel,Laurence,Laurence J. Zwiebel,
Zhao,Bin,Bin Zhao,
Kim,Hwangnam,Hwangnam Kim,
Ha,Sungwon,Sungwon Ha,
Craig,David,David W. Craig,
Han,Sungwook,Sungwook Han,
Polychronopoulos,Constantine,Constantine Polychronopoulos,
Kaufman,Stephen,Stephen J. Kaufman,
Huang,Thomas,Thomas S. Huang,
Anastasio,Thomas,Thomas J. Anastasio,
Ray,Sylvian,Sylvian R. Ray,
Mao,Chengjian,Chengjian Mao,
Shapiro,David,David J. Shapiro,
Petrov,Ivan,Ivan G. Petrov,
Lim,Chong Wee,Chong Wee Lim,
Ohmori,Kenji,Kenji Ohmori,
Greene,Joseph,Joseph E. Greene,
Hashash,Youssef,Youssef Hashash,
Selby,John,John C. Selby,
Yoo,Seung-Moon,Seung-Moon Yoo,
Shade,Christopher,Christopher W. Shade,
Hudson,Robert,Robert J. Hudson,
Davis,David,David O. Davis,
Tortorelli,Daniel,Daniel A. Tortorelli,
Dutton,Craig,Craig J. Dutton,
Mcllwain,Stephen,Stephen T. Mcllwain,
Xiao,Shu,Shu Xiao,
Munson,David,David C. Munson,
Becher,David,David T. Becher,
McHugh,Anthony,Anthony McHugh,
DesNoyer,Jessica,Jessica R. DesNoyer,
Lee,Jinju,Jinju Lee,
Dupuis,Russell,Russell Dupuis,
Gall,Daniel,Daniel Gall,
Shin,Chan Soo,Chan Soo Shin,
Nelson,Ralph,Ralph Nelson,
Miers,Patricia,Patricia G. Miers,
Haque,Md. Amanul,Md. Amanul Haque,
Moorthy,Jaisree,Jaisree Moorthy,
Kuo,Tzu-chi,Tzu-chi Kuo,
Kosal,Margaret,Margaret E. Kosal,
Kelleher,Neil,Neil L. Kelleher,
Kirby,Glen,Glen H. Kirby,
Moreau,Robert,Robert A. Moreau,
Lee,Jason,Jason Lee,
Mikalsen,Erik,Erik A. Mikalsen,
Smith,Ed,Ed D. Smith,
Boddu,Veera,Veera M. Boddu,
Ghaboussi,Jamshid,Jamshid Ghaboussi,
Pecknold,David,David Pecknold,
Bachler,Herbert,Herbert Bachler,
Marks,Daniel,Daniel L. Marks,
Toublan,Farah Jean-Jacques,Farah Jean-Jacques Toublan,
Denisov,Ilia,Ilia G. Denisov,
Grinkova,Yelena,Yelena V. Grinkova,
Choban,Eric,Eric R. Choban,
Scheeline,Alexander,Alexander Scheeline,
Kirkor,Ewa Stanislawa,Ewa Stanislawa Kirkor,
Schricker,April,April D. Schricker,
Yokouchi,Noriyuki,Noriyuki Yokouchi,
Choquette,Kent,Kent Choquette,
White,Brett,Brett R. White,
Gao,Yingjie,Yingjie Gao,
Kong,Xiangdong,Xiangdong Kong,
Pickrell,Gregory,Gregory W. Pickrell,
Epple,John,John Epple,
Chang,Kuo-Lih,Kuo-Lih Chang,
Shaikh,Kashan,Kashan Shaikh,
Goluch,Edgar,Edgar D. Goluch,
Fan,Zhifang,Zhifang Fan,
Didenko,Yuri,Yuri T. Didenko,
Ortega,Romeo,Romeo Ortega,
Spong,Mark,Mark W. Spong,
Chapman,Patrick,Patrick L. Chapman,
Dobbs,Bryan,Bryan Dobbs,
Choy,Young,Young Bin Choy,
Zhang,Yuanhui,Yuanhui Zhang,
Wei,Alexander,Alexander Wei,
Yu,Tian-Li,Tian-Li Yu,
Yassine,Ali,Ali Yassine,
Rovira Mas,Francisco,Francisco Rovira Mas,
Kimball,Jonathan,Jonathan W. Kimball,
Flowers,Theresa,Theresa L. Flowers,
"Cesarano, III",Joseph,"Joseph Cesarano, III",
Dellinger,Jennifer,Jennifer G. Dellinger,
Jamison,Russell,Russell D. Jamison,
Leetaru,Kalev,Kalev H. Leetaru,
Craig,Alan,Alan B. Craig,
Leseman,Zayd,Zayd C. Leseman,
Rule,Joseph,Joseph D. Rule,
Tzedakis,Theodore,Theodore Tzedakis,
Kane,Cheikhou,Cheikhou Kane,
Yoon,Seong Kee,Seong Kee Yoon,
Johnson,David,David B. Johnson,
Johannes,Tyler,Tyler W. Johannes,
Metcalf,William,William W. Metcalf,
Tu,Jilin,Jilin Tu,
Park,Kyung-Ho,Kyung-Ho Park,
Hart,John,John C. Hart,
Fang,Hui,Hui Fang,
He,Bin,Bin He,
Chang,Kevin Chen-Chuan,Kevin Chen-Chuan Chang,
Zhang,Zhen,Zhen Zhang,
Allen,Brittany,Brittany J. Allen,
Nesterenko,Vitaliy,Vitaliy Nesterenko,
Leslie,Benjamin,Benjamin Leslie,
Dothager,Robin,Robin S. Dothager,
Gordon,Matthew,Matthew P. Gordon,
Kwok,Pui-Yan,Pui-Yan Kwok,
Chan,Ting-Fung,Ting-Fung Chan,
Xiao,Ming,Ming Xiao,
Kim,Sung-O,Sung-O Kim,
Medard,Muriel,Muriel Medard,
Karger,David,David Karger,
Ho,Tracy,Tracy C. Ho,
Subbarao,Gautam,Gautam Subbarao,
Schrader,Rolf Sebastian,Rolf Sebastian Schrader,
Hiller,Eric,Eric Hiller,
Singh,Ravindra,Ravindra Pratap Singh,
DeVor ,Richard,Richard E. DeVor ,
Honegger,Andrew,Andrew E. Honegger,
Lun,Desmond,Desmond S. Lun,
Ratnakar,Niranjan,Niranjan N. Ratnakar,
Deb,Supratim,Supratim Deb,
Grimme,Stephen,Stephen J. Grimme,
Xie,Lili,Lili Xie,
Chatterjee,Champak,Champak Chatterjee,
Paul,Moushumi,Moushumi Paul,
Esteban,Olga,Olga Esteban,
Ostrom,Nels,Nels P. Ostrom,
Chen,Kuo-Feng,Kuo-Feng Chen,
Taylor,Gregory,Gregory K. Taylor,
Cuevas-Rodriguez,Edith-Oliva,Edith-Oliva Cuevas-Rodriguez,
Milan-Carrillo,Jorge,Jorge Milan-Carrillo,
Mitrovski,Svetlana,Svetlana M. Mitrovski,
Carroll,David,David L. Carroll,
King,Darren,Darren M. King,
Solomon,Wayne,Wayne C. Solomon,
Verdeyen,Joseph,Joseph T. Verdeyen,
Huang,Yongqing,Yongqing Huang,
Yoshida,Makoto,Makoto Yoshida,
Xiong,Ziyou,Ziyou Xiong,
Llora,Xavier,Xavier Llora,
Welge,Michael,Michael E. Welge,
Cho,Soo Hyoun,Soo Hyoun Cho,
Andersson,H. Magnus,H. Magnus Andersson,
Simurdiak,Michael,Michael Simurdiak,
Srinivasan,Radhakrishnan,Radhakrishnan Srinivasan,
Baik,Seunghyun,Seunghyun Baik,
Jung,Michael Yoo Lim,Michael Yoo Lim Jung,
Gunawan,Rudiyanto,Rudiyanto Gunawan,
"Balog, Jr.",Robert,"Robert S. Balog, Jr.",
Norton,Margaret,Margaret Norton,
Skirvin,Robert,Robert M. Skirvin,
Mulwa,Richard,Richard M. Mulwa,
Farrand,Stephen,Stephen K. Farrand,
Aggarwal,Nitin,Nitin Aggarwal,
Bandyopadhyay,Saptarshi,Saptarshi Bandyopadhyay,
Chuang,Shun Lien,Shun Lien Chuang,
Li,Jian,Jian Li,
Yang,Rui,Rui Yang,
Bernhard,Jennifer,Jennifer T. Bernhard,
Cung,Garvin,Garvin Cung,
Zhang,Shenghui,Shenghui Zhang,
Huff,Gregory,Gregory H. Huff,
Larsen,Erik,Erik Larsen,
Pureza,Vincent,Vincent S. Pureza,
Hiltunen,Matti,Matti Hiltunen,
Schlichting,Richard,Richard Schlichting,
Sanders,William,William H. Sanders,
Joshi,Kaustubh,Kaustubh Raghunandan Joshi,
Qiu,Huatan,Huatan Qiu,
Neumann,Martin,Martin J. Neumann,
Alman,Darren,Darren Alman,
Alpcan,Tansu,Tansu Alpcan,
Basar,Tamer,Tamer M. Basar,
Yao,Qing,Qing Yao,
George,Ashvin,Ashvin K. George,
Flachsbart,Bruce,Bruce R. Flachsbart,
Xu,Chenyang,Chenyang Xu,
Remeika,Mikas,Mikas Remeika,
Singh,Ram,Ram Jag Singh,
Thomas,Brian,Brian G. Thomas,
Zhang,Lifeng,Lifeng Zhang,
Peaslee,Kent,Kent D Peaslee,
Robertson,David,David G. C. Robertson,
Peter,Jorg,Jorg Peter,
Xiao,Wei,Wei Xiao,
Chen,Nannan,Nannan I. Chen,
Zhou,Pin,Pin Zhou,
Torrellas,Josep,Josep Torrellas,
Zhou,Yuanyuan,Yuanyuan Zhou,
Laefer,Debra,Debra Laefer,
Hagness,Susan,Susan Hagness,
Drackley,James,James K. Drackley,
Larkin,Denis,Denis M. Larkin,
Loor,Juan,Juan J. Loor,
Band,Mark,Mark R. Band,
Shani,Moshe,Moshe Shani,
Eyal,Seroussi,Seroussi Eyal,
Ron,Micha,Micha Ron,
Weller,Joel,Joel Ira Weller,
Cohen-Zinder,Miri,Miri Cohen-Zinder,
Weis,Karen,Karen Weis,
Best,Philip,Philip M. Best,
Chu,PoJu,PoJu Chu,
Jones,Janice,Janice K. Jones,
Lin,Zuojun,Zuojun Lin,
Hansen,Jared,Jared Hansen,
Ni,Zheng,Zheng Ni,
Abelson,John,John R. Abelson,
Jayaraman,Sreenivas,Sreenivas Jayaraman,
Yang,Yu,Yu Yang,
Girolami,Gregory,Gregory S. Girolami,
Kim,Do Young,Do Young Kim,
Therriault,Daniel,Daniel Therriault,
Kwiat,Paul,Paul G. Kwiat,
VanDevender,Aaron,Aaron P. VanDevender,
Wang,Helen,Helen J. Wang,
Chen,Shuo,Shuo Chen,
Sasse,Ralf,Ralf Sasse,
Meseguer,Jose,Jose Meseguer,
Garner,Dewain,Dewain Garner,
Sieracki,Nathan,Nathan Sieracki,
Hwang,Hee-Jung,Hee-Jung Hwang,
Appasamy,Sreeram,Sreeram Appasamy,
Reddy,Uttam,Uttam Reddy,
Chae,Junghun,Junghun Chae,
Sastry,Kumara,Kumara Sastry,
Lima,Claudio,Claudio F. Lima,
Lobo,Fernando,Fernando Lobo,
Sampson,David,David D. Sampson,
Adie,Steven,Steven G. Adie,
Armstrong,Julian,Julian J. Armstrong,
Leigh,Matthew,Matthew S. Leigh,
Ramsey,Joshua,Joshua Ramsey,
Vu,Halong,Halong N. Vu,
Alvey,Graham,Graham R. Alvey,
Barnes,Ronald,Ronald Barnes,
Dobbs,Dennis,Dennis W. Dobbs,
Mazumdar,Debapriya,Debapriya Mazumdar,
Hong,Liang,Liang Hong,
Jiang,Shan,Shan Jiang,
Sharif,Behzad,Behzad Sharif,
Twardowski,Mariusz,Mariusz Twardowski,
Xu,Dan,Dan Xu,
King,Kevin,Kevin F. King,
Schmucker,Scott,Scott W. Schmucker,
Cramer,Mark,Mark Cramer,
Tan,Bin,Bin Tan,
Shen,Xuehua,Xuehua Shen,
Zhai,Cheng-Xiang,Cheng-Xiang Zhai,
Pandya,Saunvit,Saunvit D. Pandya,
Tucker,Craig,Craig J. Tucker,
Yang,Yingchen,Yingchen Yang,
Donchev,Todor,Todor I. Donchev,
Toohey,Kathleen,Kathleen S. Toohey,
Zhang,Xing-Hai,Xing-Hai Zhang,
Barone,Pierluigi,Pierluigi Barone,
Ralston,Tyler,Tyler Ralston,
Pitel,Grant,Grant Pitel,
Stewart,Matthew,Matthew Stewart,
Yao,Jimin,Jimin Yao,
Malyarchuk,Viktor,Viktor Malyarchuk,
Mack,Nathan,Nathan H. Mack,
Uchic,Michael,Michael D. Uchic,
Han,Jong,Jong H. Han,
Murthy,Ganti,Ganti S. Murthy,
Regnier,Marion,Marion Regnier,
Tucek,Joseph,Joseph Tucek,
Lu,Shan,Shan Lu,
Schmid,Andreas,Andreas Schmid,
Wen,Jianguo,Jianguo Wen,
Olson,Eric,Eric A. Olson,
Twesten,Ray,Ray D. Twesten,
Morsey,Jason,Jason Morsey,
Liu,Yuan,Yuan Liu,
Chew,Weng,Weng C. Chew,
Jiang,Lijun,Lijun Jiang,
Tian,Lei,Lei Tian,
McClerren,Amanda,Amanda L. McClerren,
Cooper,Lisa,Lisa E. Cooper,
Laberteaux,Kenneth,Kenneth P. Laberteaux,
Mathias,Patrick,Patrick C. Mathias,
Goericke,Fabian,Fabian T. Goericke,
Lee,Jungchul,Jungchul Lee,
Ruyle,Jessica,Jessica E. Ruyle,
Martinez,Todd,Todd Martinez,
Thompson,Alexis,Alexis L. Thompson,
Johnson,Duane,Duane D. Johnson,
Shane,Philip,Philip L. Shane,
Zhu,Fangyi,Fangyi Zhu,
Kale,Aniket,Aniket Kale,
Yu,Min-Feng,Min-Feng Yu,
Xi,Chuanwu,Chuanwu Xi,
Liang,Xing,Xing Liang,
Oldenburg,Amy,Amy Oldenburg,
Crecea,Vasilica,Vasilica Crecea,
Zhang,Wei,Wei Zhang,
Naddo,Tammene,Tammene Naddo,
Zang,Ling,Ling Zang,
Readle,Jason,Jason D. Readle,
Kumar,Anil,Anil Kumar,
Jacobs,Kyle,Kyle E. Jacobs,
Schultz,Peter,Peter L. Schultz,
Singh,Sankalp,Sankalp Singh,
Nicol,David,David M. Nicol,
Seri,Mouna,Mouna Seri,
Davis,Brynmor,Brynmor J. Davis,
Roberts,Griffin,Griffin W. Roberts,
Perry,Sarah,Sarah L. Perry,
Kwon,Tae-Hyun,Tae-Hyun Kwon,
Ching,Bryce,Bryce Li-Hsien Ching,
Ciobanu,Luisa,Luisa Ciobanu,
Yigit,Mehmet Veysel,Mehmet Veysel Yigit,
Furukawa,Yasutaka,Yasutaka Furukawa,
Ponce,Jean,Jean Ponce,
Han,Yoon Soo,Yoon Soo Han,
Dong,Jingyan,Jingyan Dong,
Luo,Haiyun,Haiyun Luo,
Thompson,Nathanael,Nathanael Thompson,
Barot,Suhail,Suhail F. Barot,
Klock ,Paul,Paul W. Klock ,
Yan,Xifeng,Xifeng Yan,
Cheng,Tao,Tao Cheng,
Sullivan,Ryan,Ryan Sullivan,
Timp,Gregory,Gregory Timp,
Vidal,Julien,Julien Vidal,
Gracheva,Maria,Maria E. Gracheva,
Ahn,Bok,Bok Yeop Ahn,
Chen,Mark,Mark S. Chen,
White,M.,M. Christina White,
Emamipour,Hamidreza,Hamidreza Emamipour,
Hashisho,Zaher,Zaher Hashisho,
James,Adam,Adam James,
Liu,Zhijian,Zhijian Liu,
Meng,Ling-Jian,Ling-Jian Meng,
Rao,Ranjeet,Ranjeet Rao,
Schlachter,Simon,Simon C. Schlachter,
Lin,Kevin,Kevin L. Lin,
Radadia,Adarsh,Adarsh D. Radadia,
Almuhanna,Abdulrahman,Abdulrahman Almuhanna,
Scianna,Carl,Carl Scianna,
Cherian,Milu,Milu T. Cherian,
Patterson,Nicole,Nicole M. Patterson,
Chen,Shuyi,Shuyi Chen,
De Aquino Farias,Gil,Gil De Aquino Farias,
Freire,Valder,Valder Nogueira Freire,
De Sousa,Jeanlex,Jeanlex Soares De Sousa,
Sun,Jin,Jin Sun,
Schotland,John,John C. Schotland,
Heil,Philip,Philip E. Heil,
Nowak,Romana,Romana Angelika Nowak,
Belton,Robert,Robert James Belton,
Ouyang,Mr. Mingxing,Mr. Mingxing Ouyang,
Wang,Yingxiao,Yingxiao Wang,
Carlisle,John,John Carlisle,
Kim,Tae-Ho,Tae-Ho Kim,
Jin,Hyunjong,Hyunjong Jin,
Chen,Qingmei,Qingmei Chen,
Garcia,Thomas,Thomas Garcia,
Chen,Ren-Shiang,Ren-Shiang Chen,
Kumar,Navneet,Navneet Kumar,
Yanguas-Gil,Angel,Angel Yanguas-Gil,
Nguyen,Ha,Ha Nguyen,
Odintsov,Boris,Boris M. Odintsov,
Mishra,Abhijit,Abhijit Mishra,
Wong,Gerard,Gerard Wong,
Elarde,Victor,Victor C. Elarde,
Verma,Varun,Varun B. Verma,
Nelson,Erik,Erik C. Nelson,
Moll,Jericho,Jericho L. Moll,
Chasiotis,Ioannis,Ioannis Chasiotis,
Naraghi,Mohammad,Mohammad Naraghi,
Prater,Craig,Craig Prater,
Felts,Jonathan,Jonathan R. Felts,
Kjoller,Kevin,Kevin Kjoller,
Wang,Zidong,Zidong Wang,
Lee,Jung,Jung Heon Lee,
Shihadeh,Jameel,Jameel K. Shihadeh,
Geddes,Joseph,Joseph B. Geddes,
Orescanin,Marko,Marko Orescanin,
Insana,Michael,Michael F. Insana,
Qiu,Weibin,Weibin Qiu,
Putney,Jeffrey,Jeffrey L. Putney,
Zhou,Bin,Bin Zhou,
Wang,Bin,Bin Wang,
Feng,Hao,Hao Feng,
De Frias,Jose,Jose Atilio De Frias,
Wang,Xiaojuan,Xiaojuan Wang,
Potisek,Stephanie,Stephanie Potisek,
Davis,Douglas,Douglas A. Davis,
Chen,Paoyei,Paoyei Chen,
Spinka,Thomas,Thomas M. Spinka,
Adair,Kurt,Kurt G. Adair,
Wilson,Gerald,Gerald O. Wilson,
Henderson,James,James W. Henderson,
Britt,Crhistopher,Crhistopher B. Britt,
Zilles,Julie,Julie Zilles,
Kumar,Manish,Manish Kumar,
Johnsen,David,David Johnsen,
Mallouk,Kaitlin,Kaitlin Mallouk,
Daly,Scott,Scott Daly,
Ma,Yi,Yi Ma,
Wagner,Andrew,Andrew W. Wagner,
Wright,John,John N. Wright,
Yang,Allen,Allen Yang Yang,
Butler,Randal,Randal L. Butler,
Welch,Von,Von Welch,
Sheafe,Brad,Brad Sheafe,
Bourne,Keith,Keith Allen Bourne,
Lee,Sang,Sang Lee,
Babinsky,Holger,Holger Babinsky,
Osuagwu,Onyeama,Onyeama Osuagwu,
Fortuna,Seth,Seth A. Fortuna,
Solomon,Steve,Steve Solomon,
Ginn,Robert,Robert Ginn,
Kim,Taek-Lim,Taek-Lim Kim,
Jung,Woonggyu,Woonggyu Jung,
Barnhart,David,David Michael Barnhart,
Alam,Muhammad,Muhammad Alam,
Pimparkar,Ninad,Ninad Pimparkar,
Cao,Qing,Qing Cao,
Timp,Winston,Winston Timp,
Mirsaidov,Utkur,Utkur M. Mirsaidov,
Comer,Jeffrey,Jeffrey R. Comer,
Karahalios,Kyratso,Kyratso G. Karahalios,
Gilbert,Eric,Eric E. Gilbert,
Zhang,Jun,Jun Kai Zhang,
Borisova,Svetlana,Svetlana A. Borisova,
Circello,Benjamin,Benjamin T. Circello,
Meredith,Patrick,Patrick O. Meredith,
Chen ,Feng,Feng Chen ,
Hovakimyan,Naira,Naira Hovakimyan,
Xargay,Enric,Enric Xargay,
Cao,Chengyu,Chengyu Cao,
Uno,Brice,Brice E. Uno,
Elibol,Oguz,Oguz Elibol,
Akin,Demir,Demir Akin,
Bergstrom,Donald,Donald E. Bergstrom,
Thananattanachon,Todsapon,Todsapon Thananattanachon,
Rauchfuss,Thomas,Thomas B. Rauchfuss,
Minary Jolandan,Majid,Majid Minary Jolandan,
Nair,Satish,Satish Nair,
Lee,Sang,Sang Hak Lee,
Tripathi,Santosh,Santosh Tripathi,
Feinberg,Andrew,Andrew Feinberg,
Amine,Khalil,Khalil Amine,
Elleby,Marta,Marta Elleby,
Jackson,Aaron,Aaron C. Jackson,
Finke,Aaron,Aaron D. Finke,
Ritchey,Joshua,Joshua A. Ritchey,
Odom,Susan,Susan A. Odom,
Patel,Vinodkumar,Vinodkumar A. Patel,
McDonald,Douglas,Douglas J. McDonald,
Ebbinghaus,Simon,Simon Ebbinghaus,
Dhar,Apratim,Apratim Dhar,
Gruebele,Martin,Martin H. Gruebele,
Kang,Young,Young Mo Kang,
Arshad,Salman,Salman Noshear Arshad,
Xu,Weichen,Weichen Xu,
Kodali,Anil,Anil Kodali,
Babar,Shaista,Shaista Babar,
Lee,Byeonghee,Byeonghee Lee,
Ding,Huafeng,Huafeng Ding,
Liu,Hong-Hsing,Hong-Hsing Liu,
Peltz,Gary,Gary Peltz,
Liao,Guochun,Guochun Liao,
Yang,Ke,Ke Yang,
Wang,Weixue,Weixue Wang,
Bentsman,Joseph,Joseph Bentsman,
Zheng,Kai,Kai Zheng,
Luecha,Jarupat,Jarupat Luecha,
Kokini,Jozef,Jozef L. Kokini,
Shin,Sung Soo,Sung Soo Shin,
Chen,Samuel,Samuel Kai-Der Chen,
Simonson,Paul,Paul D. Simonson,
Stuenkel,Mark,Mark E. Stuenkel,
Tan,Fei,Fei Tan,
Kumar,Rakesh,Rakesh Kumar,
Sartori,John,John Sartori,
Ahrens,Benjamin,Benjamin J. Ahrens,
Mayerich,David,David M. Mayerich,
Van Dijk,Thomas,Thomas Van Dijk,
Yum,Kyungsuk,Kyungsuk Yum,
Wang,Ning,Ning Wang,
Pham,Hoa,Hoa V. Pham,
Bhaduri,Basanta,Basanta Bhaduri,
Gotthard,Doug,Doug Gotthard,
Shin,Jae,Jae Cheol Shin,
Dejarld,Matthew,Matthew T. Dejarld,
Mohseni,Parsian,Parsian Katal Mohseni,
Dallesasse,John,John Michael Dallesasse,
Kruse,Carl,Carl W. Kruse,
Cooper,Jimmie,Jimmie D. Cooper,
Shimp,Neil,Neil L. Shimp,
Helfinstine,Roy,Roy J. Helfinstine,
Kaplan,Samuel,Samuel Kaplan,
Brown,Sandra,Sandra Brown,
Burroughs,Scott,Scott Burroughs,
Steir,Michael,Michael Steir,
Meyer,Norbert,Norbert Meyer,
Carr,Joseph,Joseph Carr,
Schlatka,Ben,Ben Schlatka,
Scully,Jillian,Jillian R. Scully,
Dowling,Kevin,Kevin Dowling,
Crosby,David,David F. Crosby,
Sansone,Alice,Alice Sansone,
Benkendorfer,Kyle,Kyle Benkendorfer,
Pelligrino,Jeffrey,Jeffrey S. Pelligrino,
Bower,Christopher,Christopher Bower,
Pfister,Luke,Luke A. Pfister,
Ravishankar,Saiprasad,Saiprasad Ravishankar,
Eisenhaure,Jeffrey,Jeffrey D. Eisenhaure,
Horn,Peg,Peg Horn,
Shemonski,Nathan,Nathan D. Shemonski,
Corticchiato,Olivier,Olivier Corticchiato,
Comstock,Sarah,Sarah Comstock,
Durack,Gary,Gary P. Durack,
Harris,Daniel,Daniel Thomas Harris,
Baude,Eric,Eric Baude,
Schmitt,Thomas,Thomas M. Schmitt,
Greenberg,Philip,Philip D. Greenberg,
White,Bryan,Bryan A. White,
Milligan,Beverly,Beverly R. Milligan,
Schaeffer,Anthony,Anthony J. Schaeffer,
Klumpp,David,David J. Klumpp,
Carbeck,Jeff,Jeff Carbeck,
Son,Martin,Martin Son,
Beatrice,Pamela,Pamela Beatrice,
Rezendes,Emily,Emily Rezendes,
McSorley,Michelle,Michelle McSorley,
Dockets,CTT,CTT Dockets,
Quist,Arjan,Arjan P. Quist,
Langenberger,Jennifer,Jennifer Langenberger,
Zhu,Wei,Wei Zhu,
McCammon,Andrew,Andrew J. McCammon,
Li,Kai,Kai Li,
Lindert,Steffen,Steffen Lindert,
Sinko,William,William Sinko,
Kharisov,Evgeny,Evgeny Kharisov,
Wu,Mong-Kai,Mong-Kai Wu,
Pack,Halley,Halley A. Pack,
Doering,Andrea,Andrea Doering,
Bahramianparchekoohi,Sara,Sara Bahramianparchekoohi,
Kuzyk,Mark,Mark Kuzyk,
Bahl,Gaurav,Gaurav Bahl,
Kim,JunHwan,JunHwan Kim,
Wang,Hailin,Hailin Wang,
Kitch,Paul,Paul R. Kitch,
Van de Meerssche,Daphne,Daphne Van de Meerssche,
Callas,Stephanie,Stephanie Callas,
Prommer,Peter,Peter Prommer,
Oo,Ye,Ye Lwin Oo,
Farooq,Deen,Deen S. Farooq,
Xiao,Chenzhang,Chenzhang Xiao,
Krishnan,Girish,Girish Krishnan,
Singh,Gaurav,Gaurav Singh,
Mohimi,Elham,Elham Mohimi,
Raman,Priya,Priya Raman,
Fan,Jonathan,Jonathan A. Fan,
Yeo,Woon-Hong,Woon-Hong Yeo,
Su,Yewang,Yewang Su,
Zhang,Yihui,Yihui Zhang,
Luu,Long,Long Minh Luu,
Nguyen,Lien,Lien T. T. Nguyen,
Dunham,Simon,Simon N. Dunham,
Jin,Sung,Sung Hun Jin,
Islam,Ahmad,Ahmad E. Islam,
Du,Frank,Frank Du,
Xie,Xu,Xu Xie,
Kim,Hyo,Hyo Na Kim,
Zeiger,Bradley,Bradley W. Zeiger,
Roy,Nirupam,Nirupam Roy,
Choudhury,Romit,Romit Roy Choudhury,
Gowda,Mahanth,Mahanth K. Gowda,
Saleh,Maryam,Maryam Saleh,
Xu,Sheng,Sheng Xu,
Dam,Kevin,Kevin Dam,
Jia,Lin,Lin Jia,
Zhou,Renjie,Renjie Zhou,
Babacan,S. Darin,S. Darin Babacan,
Gavvalapalli,Nagarjuna,Nagarjuna Gavvalapalli,
Shen,Mei,Mei Shen,
Rodriguez-Lopez,Joaquin,Joaquin Rodriguez-Lopez,
Cheng,Kevin,Kevin Cheng,
Lichtenstein,Timothy,Timothy Lichtenstein,
Koker,Terry,Terry Koker,
Edwards,Lonna,Lonna D. Edwards,
Wang,Kaiyuan,Kaiyuan Wang,
Carlson,Catherine,Catherine Britt Carlson,
Lee,Julianne,Julianne K. Lee,
Srivastava,Shailendra,Shailendra N. Srivastava,
Washington,Samuel,Samuel P. Washington,
Gilbertie,Aaron,Aaron Gilbertie,
Luo,Xiuquan,Xiuquan Luo,
Huang,Xiumei,Xiumei Huang,
Ma,Xinpeng,Xinpeng Ma,
Gao,Jinming,Jinming Gao,
Moore,Zachary,Zachary Moore,
Roberson,Tracy,Tracy Roberson,
Cao,Lifen,Lifen Cao,
Rozzell,David,David Rozzell,
Rankin,Jacqueline,Jacqueline M. Rankin,
Neelakantan,Nitin,Nitin K. Neelakantan,
Yang,Zining,Zining Yang,
Mitra,Sayan,Sayan Mitra,
Fan,Chuchu,Chuchu Fan,
Huang,Zhenqi,Zhenqi Huang,
"O'Brien, Jr.",Thomas,"Thomas R. O'Brien, Jr.",
Kesler,Benjamin,Benjamin Kesler,
Stoops,Kristen,Kristen Stoops,
Andrews,Martyn,Martyn Andrews,
Wallace,Emma,Emma V. B. Wallace,
Gorai,Prashun,Prashun Gorai,
Lee,Tong,Tong Geon Lee,
Hudson,Matthew,Matthew Hudson,
Chu,Chia-Ching,Chia-Ching Chu,
Seufferheld,Manfredo,Manfredo Seufferheld,
Shannon,Mona,Mona Shannon,
Herring,Cy,Cy Herring,
Warner,Philip,Philip G. Warner,
Thalheimer,Bill,Bill Thalheimer,
Doonan,Steven,Steven R. Doonan,
Xu,Yi,Yi Xu,
Lam,Fan,Fan Lam,
Ma,Chao,Chao Ma,
Wilson,Jennifer,Jennifer Wilson,
Benefiel,Anna,Anna Benefiel,
Taylor-Smith,Zaincorie,Zaincorie Taylor-Smith,
Wheatley,Ray,Ray Wheatley,
Li,Moyang,Moyang Li,
Gormisky,Paul,Paul E. Gormisky,
Liu,Jinyun,Jinyun Liu,
Kang,Sen,Sen Kang,
Xia,Chunguang,Chunguang Xia,
Alonso,Matthew,Matthew Paul Alonso,
Lee,Howon,Howon Lee,
Zhao,Jinpeng,Jinpeng Zhao,
Paradine,Shauna,Shauna M. Paradine,
Griffin,Jennifer,Jennifer R. Griffin,
Petronico,Aaron,Aaron L. Petronico,
Liu,Nanjun,Nanjun Liu,
Schleicher,Tyler,Tyler D. Schleicher,
Potter,Matthew,Matthew D. Potter,
Lee,Youngsoo,Youngsoo Lee,
Lee,Soo-Yeun,Soo-Yeun Lee,
Donovan,Joseph,Joseph D. Donovan,
See,Gloria,Gloria G. See,
Gutbrod,Sarah,Sarah Gutbrod,
Xu,Lizhi,Lizhi Xu,
Webb,Richard,Richard Chad Webb,
Efimov,Igor,Igor Efimov,
Roxworthy,Brian,Brian J. Roxworthy,
Bhuiya,Abdul,Abdul Monnaf Bhuiya,
Wagner,Eric,Eric F. Wagner,
McDonnell,Donald,Donald P. McDonnell,
Norris,John,John Norris,
Pollock,Julie,Julie A. Pollock,
Carlson,Kathryn,Kathryn E. Carlson,
Gunther,Jillian,Jillian R. Gunther,
Martin,Teresa,Teresa Martin,
Parent,Alexander,Alexander A. Parent,
Wasserman,Daniel,Daniel M. Wasserman,
Zhao,Xiang,Xiang Zhao,
Struble,Justin,Justin Struble,
Dailey,Ian,Ian Dailey,
Palyam,Nagarjuna,Nagarjuna Palyam,
Wang,Pulin,Pulin Wang,
Davis,Stephen,Stephen A. Davis,
Kitzmiller,Marina,Marina Kitzmiller,
Montoto Blanco,Elena,Elena C. Montoto Blanco,
Hui,Jingshu,Jingshu Hui,
Rhodes,Paul,Paul A. Rhodes,
Dai,Zhen,Zhen Dai,
Crouch,Ian,Ian Crouch,
Han,Kewen,Kewen Han,
Das,Aditi,Aditi Das,
Lim,Sung,Sung Jun Lim,
Smith,Andrew,Andrew M. Smith,
Zhang,Chunjie,Chunjie Zhang,
Cano,Gerry,Gerry G. Cano,
Kim,Jaemin,Jaemin Kim,
Shih,Pei-Chieh,Pei-Chieh Shih,
Qin,Yao,Yao Qin,
Dagdeviren,Canan,Canan Dagdeviren,
Gibbons,Rakhi,Rakhi Gibbons,
Slepian,Marvin,Marvin J. Slepian,
Gilbert,Matthew,Matthew Gilbert,
Philip,Timothy,Timothy Philip,
Green,Daniel,Daniel Somerset Green,
Froeter,Paul,Paul J. Froeter,
Li,Wenle,Wenle Li,
Matthews,Christopher,Christopher Coleman Matthews,
Robb,Maxwell,Maxwell J. Robb,
Bartholomew,Darin,Darin E. Bartholomew,
Oelze,Michael,Michael L. Oelze,
Reeg,Jonathan,Jonathan R. Reeg,
Strathmann,Timothy,Timothy J. Strathmann,
McIntyre,Michael,Michael McIntyre,
Beckham,Gregg,Gregg T. Beckham,
Linger,Jeffrey,Jeffrey G. Linger,
Vardon,Derek,Derek R. Vardon,
Guarnieri,Michael,Michael T. Guarnieri,
Karp,Eric,Eric M. Karp,
Franden,Mary Ann,Mary Ann Franden,
Johnson,Christopher,Christopher W. Johnson,
Ashraf,Ali,Ali Ashraf,
Salih,Hafiz,Hafiz Hussein Mohamed Salih,
Dastgheib,Seyed,Seyed A. Dastgheib,
Gauthier,Daniel,Daniel J. Gauthier,
Holland,Trina,Trina Holland,
Cok,Ron,Ron Cok,
Gong,Songbin,Songbin Gong,
Radousky,Harry,Harry B. Radousky,
Bordain,Yemaya,Yemaya C. Bordain,
Trenhaile,Brent,Brent R. Trenhaile,
Hackett,Lisa,Lisa Anne Plucinski Hackett,
Ju,Kou-San,Kou-San Ju,
Gao,Jiangtao,Jiangtao Gao,
Doroghazi,James,James R. Doroghazi,
Kizhakkedathu,Jayachandran,Jayachandran N. Kizhakkedathu,
Shenoi,Rajesh,Rajesh Shenoi,
Kalathottukaren,Manu,Manu T. Kalathottukaren,
Travers,Richard,Richard J. Travers,
Haulbrook,William,William Haulbrook,
Laegreid,William,William Laegreid,
Vu,Hiep,Hiep Lai Xuan Vu,
Osorio,Fernando,Fernando Osorio,
Pattnaik,Asit,Asit Pattnaik,
Ma,Fangrui,Fangrui Ma,
Cifci,Osman,Osman Safa Cifci,
Epstein,Eric,Eric Scott Epstein,
Chen,Hao,Hao Chen,
Xu,Lu,Lu Xu,
Liu,Richard,Richard Liu,
Bayram,Can,Can Bayram,
Lan,Tian,Tian Lan,
Mayer,Steven,Steven Lloyd Mayer,
Kane,Neil,Neil Kane,
HE,Xiaoqing,Xiaoqing HE,
Congdon,Sandra,Sandra Congdon,
Brown,Zachary,Zachary Brown,
Buckley,Noreen,Noreen Buckley,
Bogle,Gavin,Gavin Bogle,
Kim,Jeong,Jeong Dong Kim,
Kong,Lingyu,Lingyu Kong,
Kim,Munho,Munho Kim,
Rakshit,Souvik,Souvik Rakshit,
Ammann,Stephen,Stephen E Ammann,
Liu,Wei,Wei Liu,
Ma,Rulin,Rulin Ma,
Gao,Liang,Liang Gao,
Cui,Wei,Wei Cui,
Grady,Ryan,Ryan William Grady,
Park,Kihoon,Kihoon Park,
Lai,Shuqi,Shuqi Lai,
Vartanian,Ariane,Ariane Vartanian,
Qin,Juehang,Juehang Qin,
Kirsh,Thomas,Thomas Kirsh,
Sarlah,David,David Sarlah,
Hernandez,Lucas,Lucas William Hernandez,
Pospech,Jola,Jola Pospech,
Schmitt,Michael,Michael Schmitt,
Gilbert-Wilson,Ryan,Ryan Gilbert-Wilson,
Chu,Wan-Yi,Wan-Yi Chu,
Dash,Aswini,Aswini Dash,
Kandel,Mikhail,Mikhail Eugene Kandel,
Nguyen,Tan,Tan Huu Nguyen,
Pande,Paritosh,Paritosh Pande,
Johns Hopkins University,Patents,Patents Johns Hopkins University,
Monroy,Guillermo,Guillermo Luciano Monroy,
Guironnet,Damien,Damien S. Guironnet,
Hyatt,Michael,Michael G. Hyatt,
Walsh,Dylan,Dylan Walsh,
Rouvalis,Peter,Peter Rouvalis,
Milenkovic,Olgica,Olgica Milenkovic,
Yazdi,S. M. Hoosein,S. M. Hoosein Tabatabaei Yazdi,
Gabrys,Ryan,Ryan Gabrys,
Misra,Santosh,Santosh Kumar Misra,
Labriola,Leanne,Leanne T. Labriola,
Pan,Dipanjan,Dipanjan Pan,
Leifheit,Kurt,Kurt Leifheit,
Yi,Yun,Yun Kyu Yi,
Kim,Hyoungsub,Hyoungsub Kim,
Seshadri,Tara,Tara Seshadri,
Zhu,Wenjuan,Wenjuan Zhu,
Lu,Shang-Chun,Shang-Chun Lu,
Mohamed,Mohamed,Mohamed Mohamed,
You,Sixian,Sixian You,
Trefonas,Pete,Pete Trefonas,
Zhang,Jieqian,Jieqian Zhang,
Park,Jong Keun,Jong Keun Park,
Howard,Kevin,Kevin E. Howard,
Deshpande,Kishori,Kishori Deshpande,
Ewers,Trevor,Trevor Ewers,
Zhu,Jinlong,Jinlong Zhu,
Palazzolo,Andrea,Andrea M. E. Palazzolo,
Lehmann,Jonathan,Jonathan Lehmann,
Simons,Claire,Claire L. Simons,
Hassan,Umer,Umer Hassan,
Damhorst,Gregory,Gregory L. Damhorst,
Ghonge,Tanmay,Tanmay Ghonge,
Yamaguchi,Yasushi,Yasushi Yamaguchi,
Filipov,Evgueni,Evgueni T. Filipov,
Tachi,Tomohiro,Tomohiro Tachi,
Paulino,Glaucio,Glaucio Paulino,
Minowa,Toshimitsu,Toshimitsu Minowa,
Ort,Donald,Donald R. Ort,
Chappell,Joseph,Joseph Chappell,
Ma,Hong,Hong Ma,
Yuan,Joshua,Joshua Yuan,
Kim,Yong,Yong Kyoung Kim,
Zhu,Xinguang,Xinguang Zhu,
McDaniel,Steve,Steve C. McDaniel,
Hoyne,Andrew,Andrew T. Hoyne,
Parsons,Angela,Angela Parsons,
Adler,Benjamin,Benjamin A. Adler,
Li,Bin,Bin Li,
Kesavadas,Thenkurussi,Thenkurussi Kesavadas,
Smela,Elisabeth,Elisabeth Smela,
Yu,Miao,Miao Yu,
Bruck,Hugh,Hugh Bruck,
Chen,Ying,Ying Chen,
Pearlstein,Arne,Arne J. Pearlstein,
Luo,Yaguang,Yaguang Luo,
Zhou,Bin,Bin Zhou,
Millner,Patricia,Patricia D. Millner,
Song,Ziyuan,Ziyuan Song,
Bergman,Lawrence,Lawrence A. Bergman,
McFarland,Donald,Donald Michael McFarland,
Vakakis,Alexander,Alexander Fotios Vakakis,
Potekin,Randi,Randi J. Potekin,
Blanchard,Antoine,Antoine Bertrand Emile Blanchard,
Kwak,Kyoungtaek,Kyoungtaek Kwak,
Berg,Richard,Richard C. Berg, 